id,first_name,last_name,gender,number,percentage
1,Tulley,Goodrum,Female,47,47
2,Terrye,Eastway,Male,3505,55
3,Jessie,Ivanusyev,Female,37,84
4,Tallulah,Dimond,Female,86746,68
5,Ivor,Ridolfo,Female,5927,2
6,Maighdiln,Moreno,Male,21,78
7,Samuele,Spira,Male,81224,69
8,Nonah,Holdin,Male,7093,91
9,Andrey,Bickersteth,Male,8,97
10,Maryrose,Webberley,Female,69997,7
11,Aurelea,Glasper,Female,416,2
12,Dillie,Shury,Male,138,46
13,Banky,Kinsell,Male,1,42
14,Farlay,Knight,Bigender,1,33
15,Karry,Purcer,Non-binary,771,65
16,Cleveland,Ryam,Female,6929,15
17,Mabel,Bogaert,Male,74,40
18,Rodina,Sievewright,Female,51,43
19,Emlynne,Roark,Agender,834,78
20,Tobey,Pickworth,Genderfluid,1223,54
21,Amberly,Bier,Male,6,55
22,Tymothy,Forsdicke,Genderfluid,06,2
23,Barth,Comer,Male,30217,26
24,Bealle,Waite,Male,2941,37
25,Alistair,Dentith,Genderfluid,656,14
26,Egan,Polkinghorne,Male,4,90
27,Bertha,Poltun,Male,01,53
28,Gena,Mackilpatrick,Male,58,62
29,Zonnya,Depka,Male,51,21
30,Kylynn,Oman,Male,7,66
31,Loydie,Dehm,Female,32674,78
32,Robinett,Gypson,Female,9158,44
33,Nye,Ivashchenko,Female,5060,73
34,Erna,MacKereth,Female,3,65
35,Krissy,Bazire,Female,76,77
36,Lindy,Ancliffe,Female,12738,98
37,Kelley,Ambroix,Female,53,98
38,Willa,Trubshaw,Female,6703,44
39,Laird,McCallam,Male,633,3
40,Jayne,Yewen,Male,31,16
41,Bron,Draycott,Female,19755,9
42,Debee,Muscott,Female,3,28
43,Anabelle,O'Hogertie,Polygender,151,30
44,Kassie,Stuckley,Male,22146,48
45,Will,Jahnig,Male,69331,85
46,Edmund,Sunderland,Non-binary,361,11
47,Kent,Lytell,Female,14848,85
48,Padget,Demann,Male,7,75
49,Koral,Simone,Female,25632,24
50,Alena,Ivanuschka,Male,75,33
51,Willamina,Vandenhoff,Female,4,14
52,Penni,Jamme,Male,14557,4
53,Killian,Rampling,Female,08,53
54,Lane,Gerriets,Female,95,87
55,Christy,Ostridge,Genderfluid,369,45
56,Jess,Edgars,Female,1,17
57,Quinn,Whittlesea,Female,5125,37
58,Laurette,Andersson,Male,877,55
59,Francis,Beere,Female,9363,18
60,Giraud,Fuggles,Female,7,13
61,Naoma,Dogerty,Female,5,2
62,Joel,Beardshaw,Female,6667,9
63,Jaclin,Naughton,Male,2,58
64,Humfrey,Doone,Female,632,60
65,Magdalene,Maddrah,Male,922,2
66,Gearalt,Langelaan,Female,6653,8
67,Gonzalo,Carratt,Male,5,38
68,Lorianne,Casa,Male,6746,33
69,Margo,Fenney,Female,56409,8
70,Lexis,Sawyers,Male,42,65
71,Rebekkah,Stempe,Male,0,27
72,Kathy,Quilkin,Bigender,8,48
73,Mariel,Kmicicki,Female,4,27
74,Livvie,Tumini,Male,1199,42
75,Willy,Margarson,Bigender,6,78
76,Judon,MacKomb,Female,9850,25
77,Devinne,Haith,Male,4,38
78,Suzette,Thinn,Female,6,40
79,Vickie,Scrivin,Female,8,28
80,Kimberlyn,Furness,Genderfluid,367,66
81,Karee,Christensen,Genderqueer,0994,10
82,Glendon,Dragon,Female,17,20
83,Gabby,Aspinal,Male,818,10
84,Richy,Aves,Male,01,74
85,Richmond,Tetther,Male,60848,31
86,Denny,Bedburrow,Female,51517,78
87,Hyacintha,Moxted,Female,65,48
88,Marjie,Chell,Male,45,63
89,Pauly,Curbishley,Male,6530,80
90,Georgianna,Hinsch,Female,79098,42
91,Calhoun,Beglin,Male,334,93
92,Claudian,Seabridge,Female,69566,31
93,Dasha,De Simone,Female,8893,75
94,Fidela,Pickering,Genderfluid,60,12
95,Winslow,Audibert,Female,8026,66
96,Em,Anderson,Female,1576,48
97,Kelci,Edeson,Female,527,47
98,Coop,Hartin,Female,67402,40
99,North,Sheircliffe,Male,1,26
100,Garvy,Wais,Female,4305,19
